id,title,start
4096391,,2026-08-16T10:00
4094887,,2026-09-01T15:45
4094891,,2026-09-01T18:45
4094906,,2026-09-09T18:45
4094914,,2026-09-12T11:45
4094923,,2026-09-12T16:15
4094928,,2026-09-15T18:45
4094932,,2026-09-16T18:45
4094937,,2026-09-19T10:45
4094940,,2026-09-19T10:45
4094944,,2026-09-19T12:55
4094938,,2026-09-19T13:45
4094945,,2026-09-19T14:55
4094947,,2026-09-22T15:45
4094949,,2026-09-22T18:45
4094950,,2026-09-23T18:45
4094952,,2026-09-26T11:45
4094953,,2026-09-29T18:45
4094954,,2026-10-03T11:45
4094955,,2026-10-06T18:45
4095018,,2026-10-07T18:45
4095026,,2026-10-09T17:45
4095030,,2026-10-10T11:45
4095034,,2026-10-10T16:15
4095041,,2026-10-13T15:45
4095046,,2026-10-13T18:45
4095049,,2026-10-14T18:45
4095057,,2026-10-17T10:45
4095072,,2026-10-17T13:45
4095082,,2026-10-21T18:45
4095083,,2026-10-24T11:45
4095084,,2026-10-27T18:45
4095088,,2026-10-28T18:45
4095095,,2026-10-30T19:20
4095105,,2026-10-31T11:45
4095097,,2026-10-31T17:20
4095111,,2026-11-03T18:45
4095114,,2026-11-07T10:45
4095117,,2026-11-07T11:45
4095121,,2026-11-10T19:20
4095125,,2026-11-13T16:45
4095127,,2026-11-13T18:55
4095130,,2026-11-14T11:30
4095134,,2026-11-14T11:45
4095137,,2026-11-14T13:55
4095139,,2026-11-18T18:45
4095142,,2026-11-19T19:20
4095147,,2026-11-20T17:15
4095148,,2026-11-20T19:25
4095150,,2026-11-21T11:45
4095152,,2026-11-21T13:55
4095153,,2026-11-24T19:20
